﻿<?xml version="1.0" encoding="utf-8" ?>
<c2uistate>
    <!--This is a UI state file - its content describes the user interface settings when the project was last open.
It is entirely optional and the project will load without it.  If you are placing the project under source control,
you probably do not want to add any .uistate.xml files to the repository.-->
    <configurations>
        <active>
            <configuration name="HTML5" />
        </active>
        <display name="HTML5" />
    </configurations>
    <open-tabs>
        <event-sheet active="1" order="0">Event sheet menu</event-sheet>
        <event-sheet order="1">Event sheet Clear</event-sheet>
        <event-sheet order="2">Event sheet game over</event-sheet>
        <event-sheet order="3">Event sheet level 1</event-sheet>
        <event-sheet order="4">Event sheet level 2</event-sheet>
        <event-sheet order="5">Event sheet level final</event-sheet>
    </open-tabs>
    <properties>
        <property expanded="1" name="About" />
        <property expanded="1" name="Project settings" />
        <property expanded="1" name="Window Size" />
        <property expanded="1" name="Configuration Settings" />
    </properties>
    <families-expanded root="1" />
    <folders-expanded>
        <folder expanded="1" path="object-folder/" />
        <folder expanded="1" path="layout-folder/" />
        <folder expanded="1" path="event-folder/" />
        <folder expanded="0" path="file-folder/" />
        <folder expanded="1" path="sound-folder/" />
        <folder expanded="1" path="music-folder/" />
        <folder expanded="0" path="file-folder/Icons/" />
        <folder expanded="1" path="animation-folder/Background/" />
        <folder expanded="1" path="animation-folder/Play/" />
        <folder expanded="1" path="animation-folder/start/" />
        <folder expanded="1" path="animation-folder/Player/" />
        <folder expanded="1" path="animation-folder/next1/" />
        <folder expanded="1" path="animation-folder/awan/" />
        <folder expanded="1" path="animation-folder/Final/" />
        <folder expanded="1" path="animation-folder/Pintu/" />
        <folder expanded="1" path="animation-folder/petir/" />
        <folder expanded="1" path="animation-folder/biru/" />
        <folder expanded="1" path="animation-folder/merah/" />
        <folder expanded="1" path="animation-folder/Mati/" />
        <folder expanded="1" path="animation-folder/button/" />
    </folders-expanded>
</c2uistate>
