﻿{
	"name": "Speed run",
	"version": "1.0.0.0",
	"description": "Speed running",
	"id": "com.Lyon.speed run",
	"viewport-width": 1400,
	"viewport-height": 600,
	"author": "Lyon",
	"email": "aditianurwansyah2@gmail.com",
	"website": "",
	"orientations": "any",
	"c2version": "280",
	"ife": true,
	"used-plugins": [
		"Keyboard",
		"Mouse",
		"Sprite",
		"Text",
		"TiledBg",
		"Touch"
	],
	"used-behaviors": [
		"Bullet",
		"Platform",
		"Sin",
		"scrollto",
		"solid",
		"wrap"
	]
}