﻿<?xml version="1.0" encoding="utf-8" ?>
<c2eventsheet>
    <!--All the 'name' attributes are ignored by Construct 2 - they are there for readability only.-->
    <name>Event sheet Clear</name>
    <events>
        <event-block sid="327425131564859">
            <conditions>
                <condition id="6" name="On object clicked" sid="978404641501157" type="Mouse">
                    <param id="0" name="Mouse button">0</param>
                    <param id="1" name="Click type">0</param>
                    <param id="2" name="Object clicked">Kembali</param>
                </condition>
            </conditions>
            <actions>
                <action id="-2" name="Go to layout" sid="584042813572376" type="System">
                    <param id="0" name="Layout">Menu</param>
                </action>
            </actions>
        </event-block>
        <event-block sid="633751190322071">
            <conditions>
                <condition id="3" name="On touched object" sid="671335137872293" type="Touch">
                    <param id="0" name="Object">Kembali</param>
                </condition>
            </conditions>
            <actions>
                <action id="-2" name="Go to layout" sid="403008179705191" type="System">
                    <param id="0" name="Layout">Menu</param>
                </action>
            </actions>
        </event-block>
    </events>
</c2eventsheet>
