﻿<?xml version="1.0" encoding="utf-8" ?>
<c2eventsheet>
    <!--All the 'name' attributes are ignored by Construct 2 - they are there for readability only.-->
    <name>Event sheet game over</name>
    <events>
        <event-block sid="307188127658238">
            <conditions>
                <condition id="6" name="On object clicked" sid="430133429860191" type="Mouse">
                    <param id="0" name="Mouse button">0</param>
                    <param id="1" name="Click type">0</param>
                    <param id="2" name="Object clicked">cobaLagi</param>
                </condition>
            </conditions>
            <actions>
                <action id="-2" name="Go to layout" sid="909320186571636" type="System">
                    <param id="0" name="Layout">level 1</param>
                </action>
            </actions>
        </event-block>
        <event-block sid="162043021414164">
            <conditions>
                <condition id="3" name="On touched object" sid="119953531529261" type="Touch">
                    <param id="0" name="Object">cobaLagi</param>
                </condition>
            </conditions>
            <actions>
                <action id="-2" name="Go to layout" sid="359908895386219" type="System">
                    <param id="0" name="Layout">level 1</param>
                </action>
            </actions>
        </event-block>
    </events>
</c2eventsheet>
