﻿<?xml version="1.0" encoding="utf-8" ?>
<c2eventsheet>
    <!--All the 'name' attributes are ignored by Construct 2 - they are there for readability only.-->
    <name>Event sheet menu</name>
    <events>
        <event-block sid="646024292281390">
            <conditions>
                <condition id="3" name="On touched object" sid="217422799173473" type="Touch">
                    <param id="0" name="Object">Play</param>
                </condition>
            </conditions>
            <actions>
                <action id="-43" name="Go to next/previous layout" sid="875232530876201" type="System">
                    <param id="0" name="Which">0</param>
                </action>
            </actions>
        </event-block>
        <event-block sid="179235658487036">
            <conditions>
                <condition id="6" name="On object clicked" sid="407779320210009" type="Mouse">
                    <param id="0" name="Mouse button">0</param>
                    <param id="1" name="Click type">0</param>
                    <param id="2" name="Object clicked">Play</param>
                </condition>
            </conditions>
            <actions>
                <action id="-2" name="Go to layout" sid="589469441474957" type="System">
                    <param id="0" name="Layout">level 1</param>
                </action>
            </actions>
        </event-block>
    </events>
</c2eventsheet>
