﻿<?xml version="1.0" encoding="utf-8" ?>
<c2eventsheet>
    <!--All the 'name' attributes are ignored by Construct 2 - they are there for readability only.-->
    <name>Event sheet level final</name>
    <events>
        <event-block sid="594335643231598">
            <conditions>
                <condition id="-4" name="Is outside layout" sid="395176629429869" type="Player" />
            </conditions>
            <actions>
                <action id="-3" name="Set position" sid="262619273725858" type="Player">
                    <param id="0" name="X">50</param>
                    <param id="1" name="Y">492</param>
                </action>
                <action id="-2" name="Go to layout" sid="212392834227286" type="System">
                    <param id="0" name="Layout">Level Clear</param>
                </action>
            </actions>
        </event-block>
        <event-block sid="171056032537010">
            <conditions>
                <condition id="0" name="On collision with another object" sid="353853825271338" type="Player">
                    <param id="0" name="Object">petir</param>
                </condition>
            </conditions>
            <actions>
                <action id="-9" name="Destroy" sid="994031398225649" type="petir" />
            </actions>
        </event-block>
        <event-block sid="294338647367331">
            <conditions>
                <condition id="0" name="On collision with another object" sid="278393428327920" type="Player">
                    <param id="0" name="Object">Mati</param>
                </condition>
            </conditions>
            <actions>
                <action id="-2" name="Go to layout" sid="697390623092208" type="System">
                    <param id="0" name="Layout">Game over</param>
                </action>
            </actions>
        </event-block>
        <event-block sid="971209401483807">
            <conditions>
                <condition id="0" name="On key pressed" sid="446950539279219" type="Keyboard">
                    <param id="0" name="Key">37</param>
                </condition>
            </conditions>
            <actions>
                <action id="7" name="Set mirrored" sid="346406875239173" type="Player">
                    <param id="0" name="State">0</param>
                </action>
            </actions>
        </event-block>
        <event-block sid="415417165482394">
            <conditions>
                <condition id="0" name="On key pressed" sid="558968746799054" type="Keyboard">
                    <param id="0" name="Key">39</param>
                </condition>
            </conditions>
            <actions>
                <action id="7" name="Set mirrored" sid="928080634726103" type="Player">
                    <param id="0" name="State">1</param>
                </action>
            </actions>
        </event-block>
        <event-block sid="455960432304211">
            <conditions>
                <condition id="3" name="On touched object" sid="681308644222796" type="Touch">
                    <param id="0" name="Object">petir</param>
                </condition>
            </conditions>
            <actions>
                <action id="-9" name="Destroy" sid="442464407064974" type="petir" />
            </actions>
        </event-block>
        <event-block sid="849429923241681">
            <conditions>
                <condition id="3" name="On touched object" sid="417969814151800" type="Touch">
                    <param id="0" name="Object">Mati</param>
                </condition>
            </conditions>
            <actions>
                <action id="-2" name="Go to layout" sid="758209800558358" type="System">
                    <param id="0" name="Layout">Game over</param>
                </action>
            </actions>
        </event-block>
        <event-block sid="168886487763163">
            <conditions>
                <condition id="14" name="On tap" sid="421988189530267" type="Touch" />
            </conditions>
            <actions>
                <action id="-2" name="Go to layout" sid="121417715007370" type="System">
                    <param id="0" name="Layout">Level Clear</param>
                </action>
            </actions>
        </event-block>
    </events>
</c2eventsheet>
