﻿<?xml version="1.0" encoding="utf-8" ?>
<c2eventsheet>
    <!--All the 'name' attributes are ignored by Construct 2 - they are there for readability only.-->
    <name>Event sheet level 2</name>
    <events>
        <event-block sid="415110383916411">
            <conditions>
                <condition id="-4" name="Is outside layout" sid="451395981275411" type="Player" />
            </conditions>
            <actions>
                <action id="-3" name="Set position" sid="333864843157943" type="Player">
                    <param id="0" name="X">36</param>
                    <param id="1" name="Y">420</param>
                </action>
                <action id="-2" name="Go to layout" sid="965800193577633" type="System">
                    <param id="0" name="Layout">level final</param>
                </action>
            </actions>
        </event-block>
        <event-block sid="529485729590155">
            <conditions>
                <condition id="0" name="On collision with another object" sid="541821601028701" type="Player">
                    <param id="0" name="Object">petir</param>
                </condition>
            </conditions>
            <actions>
                <action id="-9" name="Destroy" sid="769401719921042" type="petir" />
            </actions>
        </event-block>
        <event-block sid="229606548902453">
            <conditions>
                <condition id="0" name="On key pressed" sid="968738657787725" type="Keyboard">
                    <param id="0" name="Key">37</param>
                </condition>
            </conditions>
            <actions>
                <action id="7" name="Set mirrored" sid="467465098168460" type="Player">
                    <param id="0" name="State">0</param>
                </action>
            </actions>
        </event-block>
        <event-block sid="668347261647903">
            <conditions>
                <condition id="0" name="On key pressed" sid="363526829223322" type="Keyboard">
                    <param id="0" name="Key">39</param>
                </condition>
            </conditions>
            <actions>
                <action id="7" name="Set mirrored" sid="849841010614415" type="Player">
                    <param id="0" name="State">1</param>
                </action>
            </actions>
        </event-block>
        <event-block sid="221271676417366">
            <conditions>
                <condition id="0" name="On collision with another object" sid="221183002765761" type="Player">
                    <param id="0" name="Object">Mati</param>
                </condition>
            </conditions>
            <actions>
                <action id="-2" name="Go to layout" sid="333897507048852" type="System">
                    <param id="0" name="Layout">Game over</param>
                </action>
            </actions>
        </event-block>
        <event-block sid="660436445545384">
            <conditions>
                <condition id="3" name="On touched object" sid="374564479919812" type="Touch">
                    <param id="0" name="Object">petir</param>
                </condition>
            </conditions>
            <actions>
                <action id="-9" name="Destroy" sid="384451230938309" type="petir" />
            </actions>
        </event-block>
        <event-block sid="299001529145363">
            <conditions>
                <condition id="14" name="On tap" sid="754266852977743" type="Touch" />
            </conditions>
            <actions>
                <action id="-2" name="Go to layout" sid="347233372691759" type="System">
                    <param id="0" name="Layout">level final</param>
                </action>
            </actions>
        </event-block>
        <event-block sid="528753933742198">
            <conditions>
                <condition id="3" name="On touched object" sid="111979250357189" type="Touch">
                    <param id="0" name="Object">Mati</param>
                </condition>
            </conditions>
            <actions>
                <action id="-2" name="Go to layout" sid="860438002284342" type="System">
                    <param id="0" name="Layout">Game over</param>
                </action>
            </actions>
        </event-block>
    </events>
</c2eventsheet>
