﻿<?xml version="1.0" encoding="utf-8" ?>
<c2eventsheet>
    <!--All the 'name' attributes are ignored by Construct 2 - they are there for readability only.-->
    <name>Event sheet level 1</name>
    <events>
        <event-block sid="363754208772197">
            <conditions>
                <condition id="-4" name="Is outside layout" sid="134161948764570" type="Player" />
            </conditions>
            <actions>
                <action id="-3" name="Set position" sid="631444603195091" type="Player">
                    <param id="0" name="X">31</param>
                    <param id="1" name="Y">468</param>
                </action>
                <action id="-2" name="Go to layout" sid="221038923517372" type="System">
                    <param id="0" name="Layout">Level 2</param>
                </action>
            </actions>
        </event-block>
        <event-block sid="634214616595147">
            <conditions>
                <condition id="0" name="On collision with another object" sid="330111794916815" type="Player">
                    <param id="0" name="Object">petir</param>
                </condition>
            </conditions>
            <actions>
                <action id="-9" name="Destroy" sid="632596238909915" type="petir" />
            </actions>
        </event-block>
        <event-block sid="391332505785850">
            <conditions>
                <condition id="0" name="On key pressed" sid="651482224711412" type="Keyboard">
                    <param id="0" name="Key">37</param>
                </condition>
            </conditions>
            <actions>
                <action id="7" name="Set mirrored" sid="152981782167886" type="Player">
                    <param id="0" name="State">0</param>
                </action>
            </actions>
        </event-block>
        <event-block sid="611217264084555">
            <conditions>
                <condition id="0" name="On key pressed" sid="145263500174641" type="Keyboard">
                    <param id="0" name="Key">39</param>
                </condition>
            </conditions>
            <actions>
                <action id="7" name="Set mirrored" sid="203197633888501" type="Player">
                    <param id="0" name="State">1</param>
                </action>
            </actions>
        </event-block>
        <event-block sid="364761891125860">
            <conditions>
                <condition id="0" name="On collision with another object" sid="625675827690668" type="Player">
                    <param id="0" name="Object">Mati</param>
                </condition>
            </conditions>
            <actions>
                <action id="-2" name="Go to layout" sid="577705469373886" type="System">
                    <param id="0" name="Layout">Game over</param>
                </action>
            </actions>
        </event-block>
        <event-block sid="700703867125980">
            <conditions>
                <condition id="14" name="On tap" sid="659103490699592" type="Touch" />
            </conditions>
            <actions>
                <action id="6" name="Set speed" sid="814585311786213" type="Player">
                    <param id="0" name="Speed">100</param>
                </action>
                <action id="-2" name="Go to layout" sid="112797303909644" type="System">
                    <param id="0" name="Layout">Level 2</param>
                </action>
            </actions>
        </event-block>
        <event-block sid="225940731565414">
            <conditions>
                <condition id="3" name="On touched object" sid="944080262302609" type="Touch">
                    <param id="0" name="Object">petir</param>
                </condition>
            </conditions>
            <actions>
                <action id="-9" name="Destroy" sid="244889346619028" type="petir" />
            </actions>
        </event-block>
        <event-block sid="534698522361441">
            <conditions>
                <condition id="3" name="On touched object" sid="758624123117919" type="Touch">
                    <param id="0" name="Object">Mati</param>
                </condition>
            </conditions>
            <actions>
                <action id="-2" name="Go to layout" sid="501411791523192" type="System">
                    <param id="0" name="Layout">Game over</param>
                </action>
            </actions>
        </event-block>
    </events>
</c2eventsheet>
